id;isbn;pages;publication_year;publisher;subject;title;subtitle;cover
1;978-0-14-043611-2;800;2000-02-24T00:00:00;Penguin Books UK;"Charles Dickens's first published work, The Pickwick Papers was an instant success that captured the public imagination with its colourful characters and farcical plot. This Penguin Classics edition of Charles Dickens's is edited with notes and an introduction by Mark Wormald.

Few first novels have created as much popular excitement as The Pickwick Papers - a comic masterpiece that catapulted its twenty-four-year-old author to immediate fame. Readers were captivated by the adventures of the poet Snodgrass, the lover Tupman, the sportsman Winkle and, above all, by that quintessentially English Quixote, Mr Pickwick, and his cockney Sancho Panza, Sam Weller. From the hallowed turf of Dingley Dell Cricket Club to the unholy fracas of the Eatanswill election, via the Fleet debtors' prison, characters and incidents spring to life from Dickens's pen, to form an enduringly popular work of ebullient humour and literary invention.

This edition is based on the first volume edition of 1837, and includes the original illustrations. In his introduction, Mark Wormald discusses the genesis of The Pickwick Papers and the emergence of its central characters.

Charles Dickens is one of the best-loved novelists in the English language, whose 200th anniversary was celebrated in 2012. His most famous books, including Oliver Twist, Great Expectations, A Tale of Two Cities, David Copperfield and The Pickwick Papers, have been adapted for stage and screen and read by millions.

If you enjoyed The Pickwick Papers, you might like Dickens's A Christmas Carol and Other Christmas Writings, also available in Penguin Classics.

'Dickens sees human beings with the most intense vividness ... Consequently his greatest success is The Pickwick Papers'
George Orwell

'One of my life's greatest tragedies is to have already read Pickwick Papers - I can't go back and read it for the first time'
Fernando Pessoa
";The Pickwick Papers;The Posthumous Papers of the Pickwick Club;../blob/pickwick.png
2;9783257230451;155;2016;Diogenes;Claire Zachanassian kehrt als steinreiche Frau in ihr Heimatdorf Güllen zurück, wo ihr einst das Herz gebrochen und die Ehre geraubt wurde. Nun will sie sich rächen und bietet der Güllener Bevölkerung eine Milliarde dafür, dass ihr damaliger Liebhaber Ill für sein Vergehen mit dem Tod bestraft wird. Ein Angebot, das die Bürger entrüstet zurückweisen. Zunächst.;Der Besuch der alten Dame;;../blob/dame.png
3;978-0-14-143972-3;1088;2003;Penguin Books UK;"As the interminable case of 'Jarndyce and Jarndyce' grinds its way through the Court of Chancery, it draws together a disparate group of people: Ada and Richard Clare, whose inheritance is gradually being devoured by legal costs; Esther Summerson, a ward of court, whose parentage is a source of deepening mystery; the menacing lawyer Tulkinghorn; the determined sleuth Inspector Bucket; and even Jo, the destitute little crossing-sweeper. A savage, but often comic, indictment of a society that is rotten to the core,
Bleak House is one of Dickens's most ambitious novels, with a range that extends from the drawing rooms of the aristocracy to the poorest of London slums. This edition follows the first book edition of 1853, and includes all the original illustrations by 'Phiz', as well as appendices on the Chancery and spontaneous combustion. In his preface, Terry Eagleton examines characterisation and considers Bleak House as an early work of detective fiction. 

For more than seventy years, Penguin has been the leading publisher of classic literature in the English-speaking world. With more than 1,700 titles, Penguin Classics represents a global bookshelf of the best works throughout history and across genres and disciplines. Readers trust the series to provide authoritative texts enhanced by introductions and notes by distinguished scholars and contemporary authors, as well as up-to-date translations by award-winning translators.";Bleak House;;../blob/bleak.png
4;978-1-5098-2536-3;640;2016;Pan Macmillan;"Designed to appeal to the book lover, the Macmillan Collector's Library is a series of beautifully bound pocket-sized gift editions of much loved classic titles. Bound in real cloth, printed on high quality paper, and featuring ribbon markers and gilt edges, Macmillan Collector's Library are books to love and treasure.

One of Dickens's most renowned and enjoyable novels, Great Expectations tells the story of Pip, an orphan boy who wishes to transcend his humble origins and finds himself unexpectedly given the opportunity to live a life of wealth and respectability. Over the course of the tale, in which Pip encounters such famous characters as Miss Havisham, Herbert Pocket and Joe Gargery, he comes to realise that his money is tainted and the girl he loves will not return his affections; happiness must be found in the things he gave up in pursuit of a more sophisticated life.

Illustrated by various artists, with an afterword by David Pinching.";Great Expectations;;../blob/expectations.png
5;978-3-8362-8745-6;1258;2021-11-26;Rheinwerk;"Die „Insel“ ist die erste Wahl, wenn es um aktuelles und praktisches Java-Wissen geht. Java-Einsteiger, Studierende und Umsteigerinnen profitieren von diesem Lehrwerk. Neben der Behandlung der Sprachgrundlagen von Java gibt es kompakte Einführungen in Spezialthemen. So erfahren Sie einiges über Threads, Algorithmen, GUIs, Dateien und Datenströme. Dieses Buch ist das Standardwerk für die Java-Programmierung. Es liegt aktuell in der 16. Auflage vor.
Aus dem Inhalt:

Imperative Sprachkonzepte
Klassen und Objekte
Ausnahmebehandlung
Generics
Lambda-Ausdrücke und funktionale Programmierung
Die Klassenbibliothek
Nebenläufige Programmierung
Einführung in Datenstrukturen, GUI-Entwicklung, Dateien usw.";Java ist auch eine Insel;Das Standardwerk für Programmierer. Über 1.000 Seiten Java-Wissen. Mit vielen Beispielen und Übungen, aktuell zu Java 17;../blob/insel.png
6;978-3-462-04633-5;336;2014-03-08;Kiepenheuer & Witsch;" Der bedeutendste deutsche Roman zum Ersten Weltkrieg in einer  Neuausgabe mit einem umfassenden Nachwort zur Entstehungs- und Rezeptionsgeschichte in der textkritisch durchgesehenen Fassung der Erstausgabe. Das Buch zum Netflix-Film.

Mit diesem Roman begründete Erich Maria Remarque seinen Weltruhm und schuf ein zeitlos gültiges Bild der Schrecken des modernen Krieges. Zum hundertsten Jahrestag des Kriegsbeginns 1914 erscheint eine besonders ausgestattete, mit einem Nachwort von Thomas F. Schneider, Leiter des Remarque-Friedenszentrums der Universität Osnabrück, zur Entstehungs- und Rezeptionsgeschichte versehene Sonderausgabe.

Die Geschichte des neunzehnjährigen Paul Bäumer, der als ahnungsloser Kriegsfreiwilliger von der Schulbank an die Front kommt, ist inzwischen Allgemeingut. Auch bei der erneuten Lektüre ist der Eindruck jedoch wieder erschütternd: Wie Bäumer statt der erhofften Kriegsbegeisterung und eines kurzen Abenteuers die ganze Brutalität des Gemetzels und das sinnlose Sterben seiner Kameraden erlebt, ist anrührend und empörend.

»Ein vollkommenes Kunstwerk und unzweifelhafte Wahrheit« Stefan Zweig";Im Westen nichts Neues;Roman;../blob/westen.png
